160290,Pellentesque Habitant Morbi Limited,India,25191.5,2023-08-15T00:43:34
541726,Phasellus Vitae Industries,Spain,15622.5,2023-08-15T00:40:12
540529,Eget Massa Corporation,Austria,29403.5,2023-08-15T01:44:00
399233,Sed Corporation,Canada,13205.5,2023-08-15T01:57:36
982384,Nec Orci Industries,Vietnam,38596.5,2023-08-15T02:01:52
735548,Lobortis Risus In LLP,Nigeria,2730.5,2023-08-15T02:26:01
855106,Neque Non Consulting,Turkey,38860.5,2023-08-15T03:43:57
990577,Accumsan Sed LLC,New Zealand,35856.5,2023-08-15T04:00:55
633763,Mollis Consulting,Ireland,43335.5,2023-08-15T05:17:09
988378,Sed Eget Associates,Netherlands,2419.5,2023-08-15T06:04:04
220697,Aliquam Iaculis Foundation,South Africa,21341.5,2023-08-15T06:11:24
615096,Arcu Aliquam Industries,Singapore,24197.5,2023-08-15T07:11:20
166115,Nascetur Ridiculus Industries,Germany,24105.5,2023-08-15T08:39:05
721185,In Tincidunt Congue Corporation,Canada,1328.5,2023-08-15T08:45:07
268956,Turpis Industries,Pakistan,23801.5,2023-08-15T08:17:22
371949,Integer In Incorporated,Mexico,43421.5,2023-08-15T09:56:41
58227,In Consequat Ltd,Sweden,39128.5,2023-08-15T10:15:11
583293,Ut Sagittis Lobortis LLP,New Zealand,30437.5,2023-08-15T10:56:03
894221,Metus Associates,Sweden,15133.5,2023-08-15T11:02:30
41192,Commodo LLC,Ukraine,34285.5,2023-08-15T11:05:41
22865,Amet Risus PC,Philippines,6626.5,2023-08-15T12:55:28
653908,Nec Luctus Consulting,Netherlands,27230.5,2023-08-15T12:28:04
863823,Quisque Varius Nam Corporation,Brazil,26968.5,2023-08-15T12:21:07
842276,Arcu Aliquam Ltd,Austria,13570.5,2023-08-15T13:19:09
920004,Non Cursus Consulting,United States,34996.5,2023-08-15T14:59:55
846715,Erat Etiam Ltd,South Africa,4323.5,2023-08-15T14:08:33
149447,Ut Aliquam Incorporated,Sweden,1193.5,2023-08-15T15:44:43
283908,Aliquam Eros Industries,India,10957.5,2023-08-15T15:05:49
10791,Nunc Sollicitudin PC,Austria,8201.5,2023-08-15T16:47:46
819543,Et Inc.,Singapore,6232.5,2023-08-15T17:34:10
213117,Scelerisque Dui Inc.,Mexico,28136.5,2023-08-15T17:59:20
224243,Metus Facilisis Corporation,Colombia,2207.5,2023-08-15T17:06:31
796650,Duis Sit Amet Institute,Vietnam,24878.5,2023-08-15T17:25:12
631995,Mollis Vitae Posuere Inc.,Ukraine,34229.5,2023-08-15T18:18:19
583655,Sem Ut LLP,Austria,37689.5,2023-08-15T18:44:00
173825,Ac Turpis LLP,Austria,9664.5,2023-08-15T18:53:21
588295,Suspendisse Tristique Corporation,Spain,5932.5,2023-08-15T18:36:41
597514,Dolor Sit PC,Vietnam,7635.5,2023-08-15T18:15:05
471952,Pede Corp.,United States,2086.5,2023-08-15T19:26:07
173469,Vivamus Nisi Institute,Russian Federation,23462.5,2023-08-15T20:13:40
717917,Cras Institute,Sweden,31447.5,2023-08-15T20:14:42
74186,Vulputate Mauris PC,Norway,21592.5,2023-08-15T20:25:11
257343,Donec Vitae Ltd,France,15629.5,2023-08-15T21:13:50
647566,Risus Quisque Libero Limited,Russian Federation,26536.5,2023-08-15T21:48:01
510330,In Incorporated,Nigeria,2206.5,2023-08-15T22:14:50
384620,Ullamcorper Eu Euismod Consulting,Belgium,6465.5,2023-08-15T22:57:37
935577,Dignissim Magna A Corp.,China,37305.5,2023-08-15T23:24:47
660284,Neque In PC,United States,3706.5,2023-08-15T23:29:30
138475,Luctus Vulputate Inc.,Mexico,44693.5,2023-08-15T23:46:09
922214,Eu Incorporated,Netherlands,17218.5,2023-08-14T00:12:40
35397,Duis Ac Foundation,South Korea,36403.5,2023-08-14T06:09:57
912580,Adipiscing Lacus Incorporated,Spain,27434.5,2023-08-14T07:09:24
556007,Justo Faucibus Corporation,Pakistan,14588.5,2023-08-14T14:10:56
544134,Nisi Aenean Eget PC,Philippines,37832.5,2023-08-14T14:30:42
414827,Aliquam Eu LLC,Austria,35863.5,2023-08-14T14:31:01
891761,Metus In Lorem Corporation,South Korea,25588.5,2023-08-14T16:24:24
17014,Nec Euismod In LLC,Australia,8734.5,2023-08-14T17:33:11
800579,Amet Dapibus LLP,Vietnam,12489.5,2023-08-14T19:52:10
807719,Duis Elementum Associates,Ireland,507.5,2023-08-14T20:34:59
438845,Quis Consulting,Philippines,19536.5,2023-08-14T22:16:36
564587,Fusce Diam PC,Philippines,14400.5,2023-08-13T23:52:18
12743,Donec Elementum Limited,Netherlands,41764.5,2023-08-10T17:57:26
286865,Morbi LLP,Canada,38987.5,2023-08-02T12:35:13
410236,Facilisis Facilisis Magna Company,Singapore,16843.5,2023-08-03T16:32:34
71241,Lectus Incorporated,Ireland,22894.5,2023-08-06T17:50:01
282009,Nulla Eget Inc.,Austria,4715.5,2023-08-05T13:14:27
960624,Amet Diam Consulting,Peru,42267.5,2023-08-12T19:52:31
215271,Et Tristique Inc.,Peru,8595.5,2023-08-11T23:38:48
193691,Id Mollis Inc.,United Kingdom,13681.5,2023-08-02T06:33:41
10220,Odio Auctor Associates,France,11014.5,2023-08-07T15:06:57
882776,Nullam Enim Sed Ltd,Costa Rica,13098.5,2023-08-08T17:13:25
785353,Mi Pede LLP,Poland,40341.5,2023-08-07T04:11:07
842180,Arcu Sed Eu Ltd,Mexico,41611.5,2023-08-06T16:05:15
556315,A Facilisis Non Ltd,Singapore,38541.5,2023-08-08T12:50:05
510590,Lorem Ipsum Inc.,Turkey,13444.5,2023-08-04T04:07:11
430215,Enim Curabitur Massa Corporation,France,21643.5,2023-08-07T05:13:06
608625,Auctor Company,Philippines,1817.5,2023-08-05T13:33:30
547805,Ipsum Associates,Ukraine,22478.5,2023-08-09T17:13:42
51657,Arcu Institute,Spain,40382.5,2023-08-12T10:37:51
646630,Amet Orci Institute,Nigeria,42318.5,2023-08-08T16:25:18
311275,Proin Mi Aliquam PC,Norway,37453.5,2023-08-02T05:15:41
595464,Id Sapien Corp.,Ireland,25265.5,2023-08-06T12:44:20
792173,Dui Fusce Aliquam Ltd,Netherlands,45278.5,2023-08-10T19:28:59
55096,Penatibus Et Magnis LLP,Russian Federation,7597.5,2023-08-08T07:32:53
64399,Sed Consequat Institute,France,36002.5,2023-08-06T01:03:04
228838,Cursus Corporation,Chile,38738.5,2023-08-05T10:16:40
110593,Fringilla Purus Incorporated,Russian Federation,22771.5,2023-08-06T09:13:56
19030,Nibh Sit Amet LLP,Chile,18666.5,2023-08-05T18:19:25
284336,Pharetra PC,Turkey,278.5,2023-08-13T10:04:36
606547,Tortor Nunc Foundation,Belgium,19923.5,2023-08-06T20:06:46
974029,Quisque Varius Corporation,Russian Federation,17858.5,2023-08-05T01:23:54
129554,Gravida Sagittis Duis Industries,Singapore,37448.5,2023-08-03T16:08:51
268712,Cubilia PC,Peru,5801.5,2023-08-09T19:50:28
149632,Urna Et LLC,Philippines,13488.5,2023-08-02T18:33:20
315020,Imperdiet Nec Inc.,Brazil,17426.5,2023-08-02T03:31:55
730273,Vulputate Eu Ltd,Colombia,36862.5,2023-08-08T15:32:43
553233,Tincidunt Dui Augue Inc.,Peru,25247.5,2023-08-10T05:53:20
814507,Dolor LLP,Brazil,13312.5,2023-08-03T11:51:08
759271,Ultricies Dignissim Lacus Inc.,Sweden,12451.5,2023-08-06T13:51:19
855399,Arcu Vivamus Sit Ltd,Spain,6335.5,2023-08-06T18:29:11
762363,Ut Mi Incorporated,United Kingdom,26093.5,2023-08-08T14:19:29
992848,Nibh Vulputate Mauris LLP,Nigeria,765.5,2023-08-06T06:50:10
808354,Tincidunt Dui Foundation,Mexico,19104.5,2023-08-12T12:28:31
285134,Duis Mi Enim Incorporated,Sweden,32079.5,2023-08-12T15:30:47
572331,Sed Et PC,Ireland,40995.5,2023-08-02T23:59:03
763823,A Tortor Nunc Corporation,Australia,32249.5,2023-08-05T14:20:35
681359,Metus In Inc.,Norway,35587.5,2023-08-05T14:28:56
828386,Elementum Dui Foundation,Russian Federation,35364.5,2023-08-02T20:31:16
436467,Nisl Sem Corp.,Brazil,24746.5,2023-07-01T01:05:58
772919,Nullam Institute,France,36131.5,2023-07-01T17:47:27
388378,Litora Associates,Nigeria,35832.5,2023-07-02T17:50:51
571325,Lectus Ante Dictum PC,Ireland,35068.5,2023-07-03T02:03:55
447380,Egestas A Industries,Spain,8288.5,2023-07-04T18:05:59
890922,Mollis PC,Australia,23994.5,2023-07-05T16:23:53
551782,Ornare In LLP,China,31377.5,2023-07-06T14:13:00
600621,Lorem LLC,Austria,6039.5,2023-07-07T12:53:05
124191,Sed Malesuada Ltd,France,14329.5,2023-07-07T21:28:50
647808,Proin Nisl Institute,Singapore,45344.5,2023-07-08T20:23:49
147012,Pellentesque Sed Dictum Associates,Costa Rica,29000.5,2023-07-09T21:59:20
89951,Volutpat Incorporated,Poland,9381.5,2023-07-10T04:30:02
483702,Aliquam Foundation,South Africa,11475.5,2023-07-11T14:15:31
174467,Risus Duis A Corp.,Brazil,44096.5,2023-07-12T02:20:16
150472,Scelerisque Lorem PC,Mexico,13868.5,2023-07-13T15:41:37
952470,Eget Associates,New Zealand,35769.5,2023-07-14T09:07:39
158155,Posuere At Corp.,Italy,37009.5,2023-07-15T14:44:18
780120,Dolor Sit Corp.,Italy,32430.5,2023-07-16T15:10:24
824984,Facilisi Industries,Poland,39485.5,2023-07-17T16:26:36
349921,Hymenaeos Inc.,Canada,43428.5,2023-07-18T18:14:07
292967,Vivamus Nibh Inc.,Spain,2249.5,2023-07-19T18:06:55
525532,Vivamus Rhoncus Donec LLP,Singapore,40694.5,2023-07-20T06:13:53
303367,Nec Associates,Spain,7156.5,2023-07-21T12:49:52
128694,Fermentum LLC,Poland,25991.5,2023-07-22T02:52:02
212395,Ipsum Curabitur Corp.,New Zealand,9607.5,2023-07-23T22:35:07
505205,Ligula Aenean LLC,Chile,25144.5,2023-07-24T18:40:42
232835,Id Associates,Belgium,20021.5,2023-07-25T04:38:32
326367,Nisl Corp.,Turkey,42757.5,2023-07-26T20:21:13
233428,Facilisis Magna Associates,Singapore,5106.5,2023-07-27T14:10:05
784360,Placerat PC,Sweden,29564.5,2023-07-28T22:36:22
219893,Enim Diam PC,Ireland,35838.5,2023-07-29T22:30:42
676688,Aliquam Nec LLP,Canada,9126.5,2023-07-30T04:23:07
438839,Est Mauris Corporation,Pakistan,21352.5,2023-07-31T07:35:31
401119,Auctor Institute,Indonesia,1654.5,2023-06-14T01:48:11
49037,Nec Limited,Singapore,38478.5,2023-06-12T10:39:06
916265,Aliquam Industries,Canada,18206.5,2023-06-28T22:30:13
515512,Tellus Justo Corporation,Ukraine,34446.5,2023-06-06T17:38:05
123959,Feugiat Lorem Ipsum Industries,Sweden,1924.5,2023-06-28T04:10:20
984519,Consectetuer Mauris LLC,Poland,6790.5,2023-06-28T04:38:04
108300,Ut Institute,Ukraine,28637.5,2023-06-07T17:14:47
930420,Justo Nec Ante LLC,Spain,21228.5,2023-06-18T12:26:31
694390,Non Ante LLP,Mexico,12558.5,2023-06-19T17:50:45
793466,Fusce Diam Corp.,Singapore,6239.5,2023-06-16T05:34:12
611579,Aliquam Ornare Ltd,Poland,24762.5,2023-06-13T20:21:56
273670,In Hendrerit Industries,Ukraine,33924.5,2023-06-20T05:24:15
907361,Pede Ac Foundation,Netherlands,40375.5,2023-06-07T22:16:19
858742,Pede Et LLP,India,30661.5,2023-06-25T16:11:49
989779,Congue LLP,Netherlands,10582.5,2023-06-24T12:33:03
567492,Lacus Quisque PC,South Korea,29872.5,2023-06-01T11:51:36
688776,Cum Sociis LLC,Ireland,21006.5,2023-06-21T16:32:53
13616,Molestie In Limited,South Africa,39220.5,2023-06-29T05:17:01
831098,Quis Massa Corp.,Poland,41443.5,2023-06-01T09:11:12
241111,Arcu LLP,France,8674.5,2023-06-02T07:10:16
366186,Luctus Curabitur LLC,Belgium,25865.5,2023-01-05T07:02:33
897914,Nisi Cum PC,Ukraine,5821.5,2023-03-07T21:42:36
996818,Sed Orci Lobortis Limited,Indonesia,28537.5,2023-01-07T07:43:04
453148,Dictum Incorporated,Chile,11182.5,2023-05-28T23:39:39
221899,Quis Arcu Vel Incorporated,Poland,25979.5,2023-05-15T21:03:18
770147,Lacus Aliquam Institute,Ireland,7504.5,2023-05-07T08:36:49
455360,Sed Dictum LLP,France,37155.5,2023-02-12T05:24:04
950737,Pulvinar Limited,Costa Rica,32154.5,2023-01-21T18:13:21
641106,Auctor Odio A Industries,Germany,38154.5,2023-03-16T13:51:36
109440,Mauris Quis Turpis Associates,Costa Rica,15545.5,2023-03-06T07:41:57
