160290,Pellentesque Habitant Morbi Limited,India,25191.5,2024-03-10T00:00:00+00:00
541726,Phasellus Vitae Industries,Spain,15622.5,2024-03-10T00:08:00+00:00
540529,Eget Massa Corporation,Austria,29403.5,2024-03-10T00:16:00+00:00
399233,Sed Corporation,Canada,13205.5,2024-03-10T00:24:00+00:00
982384,Nec Orci Industries,Vietnam,38596.5,2024-03-10T00:32:00+00:00
735548,Lobortis Risus In LLP,Nigeria,2730.5,2024-03-10T00:40:00+00:00
855106,Neque Non Consulting,Turkey,38860.5,2024-03-10T00:48:00+00:00
990577,Accumsan Sed LLC,New Zealand,35856.5,2024-03-10T00:56:00+00:00
633763,Mollis Consulting,Ireland,43335.5,2024-03-10T01:00:00+00:00
988378,Sed Eget Associates,Netherlands,2419.5,2024-03-10T01:08:00+00:00
220697,Aliquam Iaculis Foundation,South Africa,21341.5,2024-03-10T01:16:00+00:00
615096,Arcu Aliquam Industries,Singapore,24197.5,2024-03-10T01:24:00+00:00
166115,Nascetur Ridiculus Industries,Germany,24105.5,2024-03-10T01:32:00+00:00
721185,In Tincidunt Congue Corporation,Canada,1328.5,2024-03-10T01:40:00+00:00
268956,Turpis Industries,Pakistan,23801.5,2024-03-10T01:48:00+00:00
371949,Integer In Incorporated,Mexico,43421.5,2024-03-10T01:56:00+00:00
58227,In Consequat Ltd,Sweden,39128.5,2024-03-10T02:00:00+00:00
583293,Ut Sagittis Lobortis LLP,New Zealand,30437.5,2024-03-10T02:08:00+00:00
894221,Metus Associates,Sweden,15133.5,2024-03-10T02:16:00+00:00
41192,Commodo LLC,Ukraine,34285.5,2024-03-10T02:24:00+00:00
22865,Amet Risus PC,Philippines,6626.5,2024-03-10T02:32:00+00:00
653908,Nec Luctus Consulting,Netherlands,27230.5,2024-03-10T02:40:00+00:00
863823,Quisque Varius Nam Corporation,Brazil,26968.5,2024-03-10T02:48:00+00:00
842276,Arcu Aliquam Ltd,Austria,13570.5,2024-03-10T02:56:00+00:00
920004,Non Cursus Consulting,United States,34996.5,2024-03-10T03:00:00+00:00
846715,Erat Etiam Ltd,South Africa,4323.5,2024-03-10T03:08:00+00:00
149447,Ut Aliquam Incorporated,Sweden,1193.5,2024-03-10T03:16:00+00:00
283908,Aliquam Eros Industries,India,10957.5,2024-03-10T03:24:00+00:00
10791,Nunc Sollicitudin PC,Austria,8201.5,2024-03-10T03:32:00+00:00
819543,Et Inc.,Singapore,6232.5,2024-03-10T03:40:00+00:00
213117,Scelerisque Dui Inc.,Mexico,28136.5,2024-03-10T03:48:00+00:00
224243,Metus Facilisis Corporation,Colombia,2207.5,2024-03-10T03:56:00+00:00
796650,Duis Sit Amet Institute,Vietnam,24878.5,2024-03-10T04:00:00+00:00
631995,Mollis Vitae Posuere Inc.,Ukraine,34229.5,2024-03-10T04:08:00+00:00
583655,Sem Ut LLP,Austria,37689.5,2024-03-10T04:16:00+00:00
173825,Ac Turpis LLP,Austria,9664.5,2024-03-10T04:24:00+00:00
588295,Suspendisse Tristique Corporation,Spain,5932.5,2024-03-10T04:32:00+00:00
597514,Dolor Sit PC,Vietnam,7635.5,2024-03-10T04:40:00+00:00
471952,Pede Corp.,United States,2086.5,2024-03-10T04:48:00+00:00
173469,Vivamus Nisi Institute,Russian Federation,23462.5,2024-03-10T04:56:00+00:00
717917,Cras Institute,Sweden,31447.5,2024-03-10T05:00:00+00:00
74186,Vulputate Mauris PC,Norway,21592.5,2024-03-10T05:08:00+00:00
257343,Donec Vitae Ltd,France,15629.5,2024-03-10T05:16:00+00:00
647566,Risus Quisque Libero Limited,Russian Federation,26536.5,2024-03-10T05:24:00+00:00
510330,In Incorporated,Nigeria,2206.5,2024-03-10T05:32:00+00:00
384620,Ullamcorper Eu Euismod Consulting,Belgium,6465.5,2024-03-10T05:40:00+00:00
935577,Dignissim Magna A Corp.,China,37305.5,2024-03-10T05:48:00+00:00
660284,Neque In PC,United States,3706.5,2024-03-10T05:56:00+00:00
138475,Luctus Vulputate Inc.,Mexico,44693.5,2024-03-10T06:00:00+00:00
922214,Eu Incorporated,Netherlands,17218.5,2024-03-10T06:08:00+00:00
35397,Duis Ac Foundation,South Korea,36403.5,2024-03-10T06:16:00+00:00
912580,Adipiscing Lacus Incorporated,Spain,27434.5,2024-03-10T06:24:00+00:00
556007,Justo Faucibus Corporation,Pakistan,14588.5,2024-03-10T06:32:00+00:00
544134,Nisi Aenean Eget PC,Philippines,37832.5,2024-03-10T06:40:00+00:00
414827,Aliquam Eu LLC,Austria,35863.5,2024-03-10T06:48:00+00:00
891761,Metus In Lorem Corporation,South Korea,25588.5,2024-03-10T06:56:00+00:00
17014,Nec Euismod In LLC,Australia,8734.5,2024-03-10T07:00:00+00:00
800579,Amet Dapibus LLP,Vietnam,12489.5,2024-03-10T07:08:00+00:00
807719,Duis Elementum Associates,Ireland,507.5,2024-03-10T07:16:00+00:00
438845,Quis Consulting,Philippines,19536.5,2024-03-10T07:24:00+00:00
564587,Fusce Diam PC,Philippines,14400.5,2024-03-10T07:32:00+00:00
12743,Donec Elementum Limited,Netherlands,41764.5,2024-03-10T07:40:00+00:00
286865,Morbi LLP,Canada,38987.5,2024-03-10T07:48:00+00:00
410236,Facilisis Facilisis Magna Company,Singapore,16843.5,2024-03-10T07:56:00+00:00
71241,Lectus Incorporated,Ireland,22894.5,2024-03-10T08:00:00+00:00
282009,Nulla Eget Inc.,Austria,4715.5,2024-03-10T08:08:00+00:00
960624,Amet Diam Consulting,Peru,42267.5,2024-03-10T08:16:00+00:00
215271,Et Tristique Inc.,Peru,8595.5,2024-03-10T08:24:00+00:00
193691,Id Mollis Inc.,United Kingdom,13681.5,2024-03-10T08:32:00+00:00
10220,Odio Auctor Associates,France,11014.5,2024-03-10T08:40:00+00:00
882776,Nullam Enim Sed Ltd,Costa Rica,13098.5,2024-03-10T08:48:00+00:00
785353,Mi Pede LLP,Poland,40341.5,2024-03-10T08:56:00+00:00
842180,Arcu Sed Eu Ltd,Mexico,41611.5,2024-03-10T09:00:00+00:00
556315,A Facilisis Non Ltd,Singapore,38541.5,2024-03-10T09:08:00+00:00
510590,Lorem Ipsum Inc.,Turkey,13444.5,2024-03-10T09:16:00+00:00
430215,Enim Curabitur Massa Corporation,France,21643.5,2024-03-10T09:24:00+00:00
608625,Auctor Company,Philippines,1817.5,2024-03-10T09:32:00+00:00
547805,Ipsum Associates,Ukraine,22478.5,2024-03-10T09:40:00+00:00
51657,Arcu Institute,Spain,40382.5,2024-03-10T09:48:00+00:00
646630,Amet Orci Institute,Nigeria,42318.5,2024-03-10T09:56:00+00:00
311275,Proin Mi Aliquam PC,Norway,37453.5,2024-03-10T10:00:00+00:00
595464,Id Sapien Corp.,Ireland,25265.5,2024-03-10T10:08:00+00:00
792173,Dui Fusce Aliquam Ltd,Netherlands,45278.5,2024-03-10T10:16:00+00:00
55096,Penatibus Et Magnis LLP,Russian Federation,7597.5,2024-03-10T10:24:00+00:00
64399,Sed Consequat Institute,France,36002.5,2024-03-10T10:32:00+00:00
228838,Cursus Corporation,Chile,38738.5,2024-03-10T10:40:00+00:00
110593,Fringilla Purus Incorporated,Russian Federation,22771.5,2024-03-10T10:48:00+00:00
19030,Nibh Sit Amet LLP,Chile,18666.5,2024-03-10T10:56:00+00:00
284336,Pharetra PC,Turkey,278.5,2024-03-10T11:00:00+00:00
606547,Tortor Nunc Foundation,Belgium,19923.5,2024-03-10T11:08:00+00:00
974029,Quisque Varius Corporation,Russian Federation,17858.5,2024-03-10T11:16:00+00:00
129554,Gravida Sagittis Duis Industries,Singapore,37448.5,2024-03-10T11:24:00+00:00
268712,Cubilia PC,Peru,5801.5,2024-03-10T11:32:00+00:00
149632,Urna Et LLC,Philippines,13488.5,2024-03-10T11:40:00+00:00
315020,Imperdiet Nec Inc.,Brazil,17426.5,2024-03-10T11:48:00+00:00
730273,Vulputate Eu Ltd,Colombia,36862.5,2024-03-10T11:56:00+00:00
553233,Tincidunt Dui Augue Inc.,Peru,25247.5,2024-03-10T12:00:00+00:00
814507,Dolor LLP,Brazil,13312.5,2024-03-10T12:08:00+00:00
759271,Ultricies Dignissim Lacus Inc.,Sweden,12451.5,2024-03-10T12:16:00+00:00
855399,Arcu Vivamus Sit Ltd,Spain,6335.5,2024-03-10T12:24:00+00:00
762363,Ut Mi Incorporated,United Kingdom,26093.5,2024-03-10T12:32:00+00:00
992848,Nibh Vulputate Mauris LLP,Nigeria,765.5,2024-03-10T12:40:00+00:00
808354,Tincidunt Dui Foundation,Mexico,19104.5,2024-03-10T12:48:00+00:00
285134,Duis Mi Enim Incorporated,Sweden,32079.5,2024-03-10T12:56:00+00:00
572331,Sed Et PC,Ireland,40995.5,2024-03-10T13:00:00+00:00
763823,A Tortor Nunc Corporation,Australia,32249.5,2024-03-10T13:08:00+00:00
681359,Metus In Inc.,Norway,35587.5,2024-03-10T13:16:00+00:00
828386,Elementum Dui Foundation,Russian Federation,35364.5,2024-03-10T13:24:00+00:00
436467,Nisl Sem Corp.,Brazil,24746.5,2024-03-10T13:32:00+00:00
772919,Nullam Institute,France,36131.5,2024-03-10T13:40:00+00:00
388378,Litora Associates,Nigeria,35832.5,2024-03-10T13:48:00+00:00
571325,Lectus Ante Dictum PC,Ireland,35068.5,2024-03-10T13:56:00+00:00
447380,Egestas A Industries,Spain,8288.5,2024-03-10T14:00:00+00:00
890922,Mollis PC,Australia,23994.5,2024-03-10T14:08:00+00:00
551782,Ornare In LLP,China,31377.5,2024-03-10T14:16:00+00:00
600621,Lorem LLC,Austria,6039.5,2024-03-10T14:24:00+00:00
124191,Sed Malesuada Ltd,France,14329.5,2024-03-10T14:32:00+00:00
647808,Proin Nisl Institute,Singapore,45344.5,2024-03-10T14:40:00+00:00
147012,Pellentesque Sed Dictum Associates,Costa Rica,29000.5,2024-03-10T14:48:00+00:00
89951,Volutpat Incorporated,Poland,9381.5,2024-03-10T14:56:00+00:00
483702,Aliquam Foundation,South Africa,11475.5,2024-03-10T15:00:00+00:00
174467,Risus Duis A Corp.,Brazil,44096.5,2024-03-10T15:08:00+00:00
150472,Scelerisque Lorem PC,Mexico,13868.5,2024-03-10T15:16:00+00:00
952470,Eget Associates,New Zealand,35769.5,2024-03-10T15:24:00+00:00
158155,Posuere At Corp.,Italy,37009.5,2024-03-10T15:32:00+00:00
780120,Dolor Sit Corp.,Italy,32430.5,2024-03-10T15:40:00+00:00
824984,Facilisi Industries,Poland,39485.5,2024-03-10T15:48:00+00:00
349921,Hymenaeos Inc.,Canada,43428.5,2024-03-10T15:56:00+00:00
292967,Vivamus Nibh Inc.,Spain,2249.5,2024-03-10T16:00:00+00:00
525532,Vivamus Rhoncus Donec LLP,Singapore,40694.5,2024-03-10T16:08:00+00:00
303367,Nec Associates,Spain,7156.5,2024-03-10T16:16:00+00:00
128694,Fermentum LLC,Poland,25991.5,2024-03-10T16:24:00+00:00
212395,Ipsum Curabitur Corp.,New Zealand,9607.5,2024-03-10T16:32:00+00:00
505205,Ligula Aenean LLC,Chile,25144.5,2024-03-10T16:40:00+00:00
232835,Id Associates,Belgium,20021.5,2024-03-10T16:48:00+00:00
326367,Nisl Corp.,Turkey,42757.5,2024-03-10T16:56:00+00:00
233428,Facilisis Magna Associates,Singapore,5106.5,2024-03-10T17:00:00+00:00
784360,Placerat PC,Sweden,29564.5,2024-03-10T17:08:00+00:00
219893,Enim Diam PC,Ireland,35838.5,2024-03-10T17:16:00+00:00
676688,Aliquam Nec LLP,Canada,9126.5,2024-03-10T17:24:00+00:00
438839,Est Mauris Corporation,Pakistan,21352.5,2024-03-10T17:32:00+00:00
401119,Auctor Institute,Indonesia,1654.5,2024-03-10T17:40:00+00:00
49037,Nec Limited,Singapore,38478.5,2024-03-10T17:48:00+00:00
916265,Aliquam Industries,Canada,18206.5,2024-03-10T17:56:00+00:00
515512,Tellus Justo Corporation,Ukraine,34446.5,2024-03-10T18:00:00+00:00
123959,Feugiat Lorem Ipsum Industries,Sweden,1924.5,2024-03-10T18:08:00+00:00
984519,Consectetuer Mauris LLC,Poland,6790.5,2024-03-10T18:16:00+00:00
108300,Ut Institute,Ukraine,28637.5,2024-03-10T18:24:00+00:00
930420,Justo Nec Ante LLC,Spain,21228.5,2024-03-10T18:32:00+00:00
694390,Non Ante LLP,Mexico,12558.5,2024-03-10T18:40:00+00:00
793466,Fusce Diam Corp.,Singapore,6239.5,2024-03-10T18:48:00+00:00
611579,Aliquam Ornare Ltd,Poland,24762.5,2024-03-10T18:56:00+00:00
273670,In Hendrerit Industries,Ukraine,33924.5,2024-03-10T19:00:00+00:00
907361,Pede Ac Foundation,Netherlands,40375.5,2024-03-10T19:08:00+00:00
858742,Pede Et LLP,India,30661.5,2024-03-10T19:16:00+00:00
989779,Congue LLP,Netherlands,10582.5,2024-03-10T19:24:00+00:00
567492,Lacus Quisque PC,South Korea,29872.5,2024-03-10T19:32:00+00:00
688776,Cum Sociis LLC,Ireland,21006.5,2024-03-10T19:40:00+00:00
13616,Molestie In Limited,South Africa,39220.5,2024-03-10T19:48:00+00:00
831098,Quis Massa Corp.,Poland,41443.5,2024-03-10T19:56:00+00:00
241111,Arcu LLP,France,8674.5,2024-03-10T20:00:00+00:00
366186,Luctus Curabitur LLC,Belgium,25865.5,2024-03-10T20:08:00+00:00
897914,Nisi Cum PC,Ukraine,5821.5,2024-03-10T20:16:00+00:00
996818,Sed Orci Lobortis Limited,Indonesia,28537.5,2024-03-10T20:24:00+00:00
453148,Dictum Incorporated,Chile,11182.5,2024-03-10T20:32:00+00:00
221899,Quis Arcu Vel Incorporated,Poland,25979.5,2024-03-10T20:40:00+00:00
770147,Lacus Aliquam Institute,Ireland,7504.5,2024-03-10T20:48:00+00:00
455360,Sed Dictum LLP,France,37155.5,2024-03-10T20:56:00+00:00
950737,Pulvinar Limited,Costa Rica,32154.5,2024-03-10T21:00:00+00:00
641106,Auctor Odio A Industries,Germany,38154.5,2024-03-10T21:08:00+00:00

